"","Factor1","Factor2","Factor3","Factor4","Factor5","Factor6","Factor7","Factor8","Factor9","Factor10","Factor11","Factor12"
"1",-0.138220595892412,-0.143991595884458,-0.766717096255736,1.61843878638054,0.0853164292456236,-0.591773722284876,0.24696165645943,2.29488125067116,0.43575468313958,0.967841065575436,-0.062257105656319,0.545253904201615
"2",0.0109085282383224,0.0909224766654786,-0.838376080470248,1.88943472208744,0.249265389269467,-0.774141068745888,-0.130084157945582,2.46822949996676,0.410474170614579,0.83843071363144,-0.134801075016746,0.671649179219339
"3",-0.253602130148929,-0.392109779227944,-0.702090644737806,-0.569203163705671,-0.292691822920907,-0.266728292776017,0.237557529668643,2.72250300507344,-0.781088563983906,0.450547613367182,0.0882352097081111,0.734534930038497
"4",1.6009379448354,-0.666446548919818,-0.245645473291971,1.36155949583268,-1.26380242031637,0.144376797687194,0.572321441375206,2.95211114424359,-0.52896197942574,0.451438737310026,1.98520131979327,0.55613743789008
"5",0.837970837797603,-0.725376326444864,-0.439933933506227,-0.527399159619644,-0.432401476500124,-0.0947534772798085,1.05309568663901,2.47560000273338,-2.17291230545463,0.193777447088949,0.106710574569837,0.678223430059588
"6",1.28740531106411,-1.5389468220312,-0.282691067669369,0.640038207863529,-1.08681621444309,0.0608653062502516,0.99693047610918,1.49782193712903,-2.83324145078496,0.302661067036154,0.565833770003181,0.371917226899717
"7",1.2100557447759,-1.3407841222596,-0.280586111323729,0.884239963968905,-0.562790770386994,0.0670218377411571,0.631808468682664,1.33036463083313,-1.04690768674127,0.807853235513447,1.00333237595231,-0.261805718851947
"8",-0.61411699113104,0.551906367866989,-0.297732548526058,1.21723099157962,-0.807807251697927,-0.700519912633387,-0.284209267095022,1.95043138545865,-0.157634751833781,0.483306550831004,-0.234358110781455,0.0977837632216245
"9",1.70051106760798,-0.697983449181339,-0.197257227162807,1.06386325603853,-1.91007249273953,-0.0732819247140797,0.406333932836791,1.90105416435733,-2.38027159806823,0.564476642404938,1.68932226943264,-0.128965455737984
"10",2.04488256738653,-0.91958533791351,-0.191826741937888,1.21096357783361,-1.6065160651947,0.165701596519591,0.634891185429135,1.84803717276015,-2.69083303115786,0.445194157770058,1.64469551807719,-0.538918319450749
"11",-0.245729157287902,-0.411196144249883,-0.104053329111171,-1.09528595658003,-0.345044086691827,0.093764745581523,0.197772474487048,1.60950092722237,-1.54351793131888,0.829608907103426,0.670036252803612,0.217427271821452
"12",1.39636470741365,-0.844415724289825,-0.132583906305201,0.228465679875957,-0.997195620484559,0.0466216876578287,0.753416327822777,1.62213121374097,-2.58184403898222,0.407137410840866,0.653521466629637,0.0245769525965358
"13",1.19447995301109,-0.146037648142145,-0.232937775295951,0.760242010587035,-0.272757270836604,0.102476792845884,0.31900193705748,2.01978735203935,-1.07556626661915,0.428075101882092,1.24802795601523,0.183319590617916
"14",1.65360988645324,-0.753865003619918,0.25184591816114,1.20962636126033,-1.00712867110662,1.31841742939055,0.342209155636651,1.07272214271539,-0.537165318258917,0.336447798979305,0.968258784085577,-0.285190751615216
"15",-0.982631966681286,1.10451629480348,-0.175606599083536,-0.0576252933968565,-0.842098202250781,0.287705181975108,1.24747643364517,1.93915159486137,0.340541796105945,1.14911562461036,-1.26967075845493,-1.03150310181275
"16",1.89549338723465,-0.66007975068458,0.141674571922644,1.4263839068717,-1.93543842755505,0.566909278390834,1.39432260461584,1.82489195648944,-1.85600596683619,-0.311885119685617,1.25574406855428,-1.42307701421115
"17",1.69038565823887,-0.95593599817274,0.112091979790107,1.47494508207375,-1.39492384370949,1.10223227768367,1.81806953940005,1.62014035399575,-1.6936210048979,-0.068203344054238,0.892914512446156,-1.29512235343295
"18",0.788144747299695,-0.761709123107548,-0.0429850144183454,-0.214745883955612,-0.620233197399969,0.794798998483815,1.69093893096652,2.26467387969892,-0.435476109224731,-0.198145781768328,-0.129642683501927,-1.48375841958889
"19",-0.0981681274571462,-0.179007988030409,0.264100637206903,-0.257807423477206,-0.190062415295154,0.982037096303092,1.04874013274644,1.00061323754126,-0.0134488784556326,0.856923238240533,-1.49686186913833,-0.855139182366886
"20",0.0195729037057642,-0.720681027145392,0.353219720390106,-0.634878127528411,0.128892764480353,0.578956519303519,1.00063412129573,0.95733718521021,0.328507768405135,0.700156386685059,-1.22621985334106,-1.34635308428382
"21",-0.842202369850956,1.22986567582478,-0.26003489399959,0.721251163948336,-0.871963080238037,-0.00472390836971054,-0.99496520283353,0.358418621961187,0.776942305566206,-1.0334022065399,0.362872068054737,1.11326548232129
"22",-0.782288186138155,0.501915702574809,-0.195627429354255,0.642040852930395,-0.808533132866529,0.169841350420591,-1.25338184803509,0.261122506305797,0.253920409830958,-1.03454247034756,-0.149839563508409,0.788703052050827
"23",-0.491700175959072,-0.0500119603219611,-0.457754455037307,0.799633777811865,0.172623903284098,-0.105444033301524,-0.867917474614799,0.817490524084189,0.210293676684057,-1.6189007577902,-0.199445561457185,0.137967407417178
"24",-0.696595366169491,0.0875298282273534,-0.612665073872129,0.474010050730668,0.153003714398066,0.0113167202289472,-0.688918098656634,0.613834563899079,-0.351105728960045,-1.1189624691995,-0.469305569564319,-0.0133624860985001
"25",-0.485469740937857,-0.33387459399747,-0.974660951838251,0.337413392587276,0.822434204199006,-0.251638705247593,-0.457468200959958,0.732692878966848,-0.574523452554106,-0.450333960149804,-1.61390069323073,-0.382013773695936
"26",-0.290445081464783,-1.02000976828617,-0.542139999784443,-0.182650473066919,0.572997788352182,-0.0936035586906167,-0.313214330653996,0.544018659665155,-0.686694480836284,-0.553920183841172,-1.3632726919705,-0.520712712120104
"27",-0.0718834933568543,-0.380449795776591,-0.799674827642491,-0.0153256408649401,0.852206951584327,-0.283284118737972,-1.42641661291523,0.926059054786003,-0.501069809518841,0.0747589513426896,-0.271530304236262,0.285209745772832
"28",-0.162934338743592,-0.298797549257903,-0.424278541329831,-0.677238608893783,0.862821276703353,-0.0510387748171123,-1.30306380291851,0.650118559530082,-0.668089714932433,-0.476754186371777,0.465858867713704,-0.656151613831713
"29",0.122552909993937,-1.04563230356767,-0.158382164717882,0.0217261733746408,0.968363227598648,-0.261567097395738,-1.89317876991128,0.241058764155134,-0.976333468789091,-0.0915406010542592,0.272016323605893,0.215045381201084
"30",0.0361960972883942,-0.527172257302978,-0.466478150564484,-0.269139189961336,1.61048923515997,-0.251988723935957,-1.42215662950378,0.021863959366025,-1.39066299116926,0.0744811975312366,0.466441691367391,-0.135113098583555
"31",0.358234716785036,-1.04735864685149,0.132032263357813,0.478683076868774,1.35535032459513,-0.197426695370717,-1.32450543286493,0.187648643713051,-0.806892621493442,-0.274813048440057,0.417000491239117,0.246487529426293
"32",-0.874527294243034,1.10505233700544,0.0764548359870901,-0.0164438988571828,-1.67402601656352,0.284756523640367,0.0349142397371188,-0.107105519236105,0.742205102682706,-1.33078659108849,0.677700292810675,1.21086349888778
"33",-0.817165871914861,0.708998398475847,0.044490668247068,-0.147167446842529,-1.66745522710067,0.360556084707025,-0.0410044210960752,-0.259722309886979,0.304449971195784,-1.37203908031102,0.0788726927827866,0.237974262089097
"34",-0.77498616976675,0.384914164021617,0.124177605009057,-0.31344483145208,-0.958283460645743,0.276983830449507,0.237978445788942,-0.0253444199187008,-0.396947254815616,-1.91459435771456,0.0549324696329293,0.0968480669169581
"35",-0.539973261446279,0.46500053024019,0.0524937740464822,-0.159634489903448,-1.03425330663294,0.531067375633124,0.579762741309759,0.160246790172804,-0.0775549664887369,-1.37567758449112,-0.297749807503037,0.157688563907285
"36",-0.548251692818677,0.582780435387975,0.313114581097752,-0.365436300218981,-0.650510502466189,0.671454337175884,0.290601560715341,-0.262257571823711,-0.37535574603777,-1.59481141287861,-0.442667648237304,0.0997470739725713
"37",-0.46027415274734,0.634544873819496,0.0288639841956716,-0.0285013431807683,0.188748893505706,0.534612207055815,0.891842921479882,0.10796102114691,-0.579010181629286,-1.84218328011678,-0.225096448588261,0.44841042510112
"38",-0.104766074539232,0.363695154464914,0.348672851660504,-0.342954776630117,0.647143123132075,0.237729198502135,0.667634265521191,0.178020562421101,-0.403326930101713,-1.66507465545693,0.328275506342123,0.444626269525283
"39",0.306747775945841,-0.805449336906057,0.192221518456322,0.140580175845216,0.77903911068527,-0.184895815459099,1.33837619049498,-0.218025232325011,-0.956673395999096,-1.90022146778412,-0.427812093382547,-0.291056262143733
"40",0.379194097309537,-0.408044841625964,0.115424947419434,0.288785859757535,1.09960616415899,0.175484630720918,0.610442457018823,-0.000267196852879014,-0.616985076779438,-0.846225084005996,-0.214122121637247,0.381554728330676
"41",0.157961515284838,0.00861906710743863,0.7739584683243,-0.55160684961321,1.27002180461113,0.971880122545369,0.0568331961595308,-0.328161629271603,-1.4376298492984,-1.32050606638735,-0.0402366316185509,0.544089601969789
"42",0.218743908366525,-0.238841451115042,1.00096875584847,-0.895066827054352,1.52230707347207,1.16186255072272,0.0396754644073309,-1.00186069778831,-2.23684108009695,-1.50820098859927,-0.0397992000820384,0.620781443793872
"43",-0.610731836414342,0.240548168905258,1.13229271885992,-0.339221526009467,-1.73999491916628,0.777425993211788,-1.29242673301399,0.92624656372021,0.341575276546086,0.315114876789255,-1.08763988280902,-1.09068298260509
"44",-0.143761777094252,-0.3935090381731,0.956802902260826,0.705750984026421,-0.67045143917788,0.427989103785728,-1.13183875662983,1.35628640294103,0.460675344088593,-0.23049337769461,-1.76142685966883,-0.739683670246421
"45",-0.104197890574095,-0.701501167937651,0.778085896312382,0.623825630371344,-0.567696428377205,0.0314236376242161,-1.21705327282237,1.50985717169249,0.841380130017752,-0.38193717039257,-1.25775123589944,-1.15770403707114
"46",0.306029827452804,-0.0993935565885826,1.33314325429989,0.636238060172191,-0.216262979314498,0.537596700409365,-1.26013817150522,1.56100679334435,1.08068956799305,-0.459724250119989,-0.331423717159882,-0.709363293865957
"47",0.273824827453051,-1.01704653666429,1.19521076325516,0.789618303739976,0.333419083079251,0.669104343066191,-0.641462555425006,0.219170879796717,0.00897939252075072,-0.383313038113676,-1.45558514322186,-1.0467296138253
"48",0.342024357176459,-1.11442385310375,1.69648972290469,0.496018572234874,0.40542995081816,0.924167456272217,-0.947888374543405,0.073236938143726,-0.306404999821787,-0.516584663643174,-1.09223281028307,-0.683121904085061
"49",0.883036219638003,-1.40842178676522,1.54058978073946,0.278109318337304,0.77880769069525,1.00778940701297,-0.445545230155845,0.00270102409776598,0.667974650563129,-1.06483251615441,-0.302864547174357,-1.84942555194645
"50",-0.839219764514607,0.693644197205884,-0.0118026178360016,-0.92065872056398,-0.711527270990798,-0.9120296145737,0.109334555727486,0.645729247815105,-0.292957204829432,1.40542934739121,0.114793672722027,-0.486691136044743
"51",-0.484667961682186,0.671756468210177,0.860511711154143,-0.349284592761254,-0.461571886004783,-1.13444601625005,0.0311939949615904,0.431682350923072,-0.297342925561252,1.1937935524459,0.354116092219281,-0.624158535528862
"52",-0.0910672525662007,0.472764820648946,0.533961898316682,-0.604089149575871,0.105173181687214,-1.59824915885861,0.748133519598742,1.28219983378387,-0.752521876719209,1.11755144307705,0.647622744534056,-0.89153796579522
"53",-0.208852667784074,0.00734653752107388,0.754290241455077,-0.33465921925021,0.284034001065515,-1.59650512537154,0.760339008824448,0.552365442824531,-1.09391619277746,1.055387405512,0.253613454125906,-0.59016873297567
"54",-0.181244119430436,-0.175815353604971,0.765075601629701,0.247152760463353,0.131767290049649,-1.60949979317807,1.18167698120249,0.504276875650636,-1.12714707825389,1.02337295106987,-0.0507788823537875,-0.553386137717738
"55",1.37524746730579,-0.655268677682022,0.720697729788105,-0.198645125245799,-0.950405389347839,-1.52162562525348,0.966551691385498,1.72588236866078,-1.8427485696046,0.849707273121693,2.24439566223896,-0.215529807150979
"56",0.46565273052326,-0.411943568714064,0.410119405115673,-0.78009344565909,0.910894010468442,-1.86159265207761,1.38764023494904,1.94259546085224,0.640482330138236,0.896147303947132,1.57765959957084,-1.31503598018182
"57",-0.893118890956887,0.98601675223956,0.0626534518508821,-0.13331460616127,-0.92464787629838,-1.21027530212822,-0.0366145512659446,0.875204463234617,-0.66162657993632,1.52934800789518,-0.154284163970079,-0.247229983432399
"58",-0.404769898709116,0.355511392763338,0.768507282895882,0.5220017908921,-0.837825443779935,-1.35284921460623,-0.630659370421102,0.0782449004331661,0.317111978096449,1.88471886710992,0.463186380509941,0.433668751673774
"59",1.0350238790159,0.509944186892706,0.741616158412161,-0.409617311681397,-1.17330447971463,-1.94304898650022,0.0978202645417424,0.781575364282799,-1.25902625486957,0.807206467247595,1.63154287265712,0.298250084011631
"60",0.0190485528549243,0.409551408337096,1.18830328840551,-0.482135756295549,-1.32591030523916,-1.57877011341542,-1.06307591372791,-0.239704688524254,0.180545399097592,0.862939826842037,1.3236659625547,1.01538708525432
"61",0.151484341271251,0.753609907587814,1.15642358230983,-0.280409682942516,-0.660600600899076,-2.13358018979144,-0.477682298705055,0.0681067150543605,0.0396567617725547,1.01099992893543,1.59465004428752,0.538722994761286
"62",0.206480021393915,0.0432444791339937,0.780861675685437,-0.260572312205606,-0.0296078976515641,-2.09217702132391,4.54732731951727e-05,0.744265497553705,0.394775229501474,1.4759262112224,1.24843855922294,0.485780901872916
"63",1.56446178399909,0.781586783316032,0.696224927811473,0.11561251609108,-0.332043764860513,-2.04444362597026,0.468906274708652,2.31359549487416,-0.973221960179915,0.309932216080711,3.80403825021421,0.513223897326725
"64",-1.00313862810229,1.2770723553805,0.545051512883259,-1.52420551521326,-1.20151075373604,0.000709909395698809,1.02855736086693,0.309486861523507,-0.602390027898772,1.57318608750714,-1.18206156063849,-1.63225955798109
"65",2.65674809543481,-0.115267559711072,1.48756462242426,0.549903298448677,-1.75196982945648,-1.23552473966657,1.80708385022489,1.75556432623725,-0.59090673933974,1.2929295324623,1.73217473011905,-0.0348314388829856
"66",0.853673647721303,0.0375567700547534,1.16592022745439,-0.740373601506642,-0.554325893460317,-1.48345210173412,1.86234210815749,1.2032636373591,-0.69490314959944,0.499377861877938,1.38196402357607,-0.392765030530513
"67",0.168322651832917,-0.291358811464132,1.76443838340761,-0.411843707059475,-0.0548604947855399,-1.43698602626873,1.34888153691515,0.308699463612012,-0.277611374962706,0.537160391128563,0.668434620814553,-0.397979477400787
"68",1.46325518883092,0.440582406796478,1.57538299581698,-0.936279870533245,0.176389773187689,-1.3954998960244,1.60507598649432,1.19302805384,-0.394784273023841,-0.24366539567438,2.04428903431667,-0.320585119242846
"69",-1.24337891126671,1.12170719732938,0.178627275421953,-0.318206168937952,-1.01043642818953,-1.07702097121331,-0.146168853097127,-0.657412742462752,-0.212470352731973,-0.194586891836812,-0.206206127782741,-0.54005866652841
"70",-0.786246505628358,0.817331983405231,0.172850482316586,0.934672739011144,0.0565942161590181,-1.69723301124801,-0.20349879608347,-0.047684152189339,0.641021445805267,-0.0235018294051906,0.213366040947073,0.0939239298545286
"71",-0.621466498793873,0.137424081899928,0.552306514585322,0.633435490955921,-0.0802421097712724,-0.999123279628277,-0.284315658833788,-0.706589284808845,0.0545747149708193,-0.469984760807419,-0.15597056750588,-0.663002245812478
"72",-0.807884801056448,0.749383135396589,0.346124730850306,0.244500915437509,0.147004136461809,-0.406501882770255,-0.648328744804857,-0.492782090514899,-0.00962401087175724,0.557234418689456,-0.738633005079698,-0.784448562932313
"73",-0.631913591451869,0.338195208855564,0.633314708488596,0.203282188850898,0.537567923408612,-0.378344717131053,-0.280551689697831,-0.669009170491548,-0.311756687712441,0.620646193422261,-0.761636900951032,-1.09726221560381
"74",-0.484854405429555,0.281646082458057,0.879793046466579,-0.137789518094997,0.625504775715308,-0.491780402224931,-0.360598733037116,-0.741506055684502,-0.828089211922207,0.0698028010498492,-0.500305474560705,-0.902698631027559
"75",-0.345255709510388,0.63431275303726,0.926509552663816,0.0415557082142937,1.10574702576885,-0.458490361950989,-0.19314335757406,-0.263722110860616,-0.239478499431476,-0.317756699557434,0.493489720757396,-0.625561109429122
"76",-0.119730280644065,0.289782564591083,1.10737722585661,-0.0392633532035341,1.15086511629794,-0.616752079784296,0.0733201743492307,-0.668083039142561,0.0898003346048782,-0.603644975648579,0.882791672240101,-0.542337967426102
"77",-0.0737096873810524,0.655766037974857,1.16916164029631,-0.187832210919926,1.34607551005362,-0.162426974362415,-0.413926641368015,-1.30936827957755,-0.700723227441312,-0.33427508340881,0.869399476153239,-0.338720756058028
"78",0.0795128437611737,0.33162836157936,1.62807521708861,0.0994784676151755,1.45125361068403,-0.503210787201728,-0.34142748661538,-1.57923053275072,-0.795639125380463,-1.08703784579622,1.00536844119706,-0.188286372626355
"79",0.0985895955849455,0.131248189410011,1.61914058955612,-0.160272174612059,1.29598740895788,-0.0345477036970929,-0.250859484895029,-1.68864579896953,-1.03260615293501,-1.07411783282764,0.501499461101764,-0.513037777244397
"80",-1.05376133551284,1.27349011952959,0.32896835180383,-0.642856680875576,-1.568389297157,-0.68867710388386,0.702270187570377,-1.21780258443263,0.0367856160327818,0.284004674442774,-0.482808271019314,-0.804760629933611
"81",-0.667557074539232,1.0977978843192,0.902817926946316,-0.117076236905016,-1.13480556236143,-1.13863970279663,0.385123743931752,-0.831033480348818,0.672246598705775,-0.169362358418429,0.227335438214947,-0.180674479649151
"82",-0.573141220175459,1.17754156241746,1.10196723227264,-0.331120360656764,-1.16485159308909,-0.764174424089502,-0.0860123521425706,-0.899514856868304,0.779772528052649,0.297473956401534,0.50723400519112,-0.0366562193047051
"83",-0.393246526380681,0.976690958958165,0.9675853388858,0.0323490465018569,-0.646525655779867,-1.02448736721984,0.666349817494106,-0.58093554725436,0.74631624967047,0.338380740209078,0.357950440818072,-0.0156364095978182
"84",-0.319308627544203,0.436151088892408,1.28100513376125,-0.224491256898152,-0.702275349503923,-0.749303944603378,0.243233529763213,-1.00330231149821,0.182305841098352,0.486189936864877,-0.0841522811089471,0.251195803711201
"85",-0.384508727034315,0.623765048747451,0.704421681864911,0.125042610555846,-0.00325656745042743,-0.615122475982328,0.968886303669921,-1.13261228776528,0.142664586471069,0.944329178555316,-0.014851098815137,0.168608500769411
"86",-0.212920849301393,0.781460356517223,0.99868090957931,0.0460712254419163,0.155980887799313,-0.627380712627665,0.970693395105441,-0.903242281203095,0.144951805287537,0.676002432941802,0.332060559683135,0.166709025264525
"87",0.0645390723020536,0.264876017446218,1.14442782576988,0.177702454553467,0.558896949041605,-0.824373219943739,1.17144287990517,-1.13207498444026,-0.360126267150988,0.129836391486007,0.4512533094118,0.162998152114907
"88",-0.0334983212119899,0.477947276436818,1.06062629351812,0.0208017347199437,1.05327958804714,-0.40080812731917,0.998344210703213,-0.713823147802775,0.155953968687563,0.753086732412902,0.890890694595776,0.686469326342841
"89",-0.0437175576401744,0.748297898338992,1.00743037767336,0.0848574929740674,0.778773893929974,-0.126633207967339,0.600612230434905,-1.55626214646199,-0.14280494053899,0.670624096524249,0.225601049017683,0.382997922437283
"90",-0.165324997463445,0.141228832387934,1.51574214456347,-0.527515079377364,0.611951008976679,0.075524960749573,0.105156172408234,-1.66165902666994,-0.619124439377532,-0.0572025825306794,0.217398117363144,-0.0434686696567417
"91",0.0836335576754213,0.595904937352537,1.25741903138139,-0.177321941041255,1.77459958908228,0.109611543960239,0.492882006930487,-1.68780436284214,-0.696665154019505,1.18453665513333,-0.0412508637057157,0.203707000681299
"92",-0.83339266300258,0.651351753591958,1.05913270545911,-0.432253260612442,-1.71859749659295,0.334437689467843,-0.697857770173311,-0.323912113119439,-0.617517104895289,1.10015848528036,-1.61283230586397,-0.706837832076255
"93",-0.324466604089298,0.386092172613443,1.22529304742604,0.461640821831485,-0.439254344327886,-0.144764485886056,-1.020441060226,-0.116927082970212,-0.00862676214180408,0.752256212543673,-0.28134316182392,-0.19512843817054
"94",-0.0635720567099753,0.262760893790195,1.3050410534065,0.327575558643563,0.0208483418707055,0.00232438341923339,-0.648546438891471,-0.314666315880473,0.0754036352436244,0.719669545859534,0.186513551597306,0.181331136751851
"95",-0.00432945826620748,0.277711803205972,1.64860508571873,0.226970177510379,0.548603990643743,-0.214524484540221,-0.58253205073403,0.193365158214893,0.670628046141697,0.571196738840712,0.769568136097815,0.639571618283409
"96",-0.0613830917348087,-0.245471752213921,1.67550749448989,0.345727784995087,0.607512096348464,-0.210701665661951,-0.630711247322915,-0.979387428401502,-0.239476427723259,0.604907506421145,-0.160851789938909,-0.0327500876998315
"97",-0.0284444791148844,-0.458422446836383,2.03054143783952,0.368252159905447,0.653721120092906,-0.194783769662004,-0.706875384353883,-1.04696719784013,-0.593792990899709,0.428432346323944,-0.31828460884109,0.0444174718236951
"98",0.296195962346661,-0.172166155341759,2.04946168813375,-0.807657257909568,2.62850743907099,0.381865100998312,0.0442778644395381,-0.77795750979489,-0.0482776921982528,0.342680736972191,1.9559387775298,0.147605061711619
"99",-1.04454615993237,1.20457981300058,0.0308765242059316,0.0289998212331688,-0.902272831416598,0.449312935333469,-1.31031700621896,-0.021424649393246,0.261689537561811,-0.451497403265868,0.0586978368311338,0.747525310047911
"100",-0.43116679489386,0.293247423317225,0.0430590836624753,1.10728374384582,-0.218674377873015,-0.234950695657448,-1.02297976660178,0.57060861154119,0.214241790192593,-1.05317692986112,-0.351732289446611,0.762209406222051
"101",0.0155848324345781,-0.705260604437017,-0.392295397676219,1.51887711203043,0.721705299483976,-0.299880623171919,-0.716116979609095,0.744999628287185,0.63440082789481,-0.493287201094927,-1.36404760338656,-0.21202839391502
"102",-0.318035276542181,-0.0485877850156501,-0.211229077380634,1.17588986237099,0.322381593741263,0.0368879341004313,-1.14634246878678,0.801301069520297,0.222132722336425,-0.543931949027044,-0.845910228813909,0.227183396687217
"103",-0.00324343716825987,-0.757167009915255,0.00721550808422742,1.31634379310568,0.89546784142514,-0.189932198453433,-0.614899358491825,0.799499416396403,-0.280831070636708,-0.519833533291518,-1.13126791248992,0.146226565018177
"104",-0.179525119712419,-0.418434949129802,-0.227872994559964,1.19683354657717,1.03091406402556,0.00666812644841709,-0.704937675309243,0.276964924438369,-0.868381763604089,-0.440851205022571,-1.09853155436051,0.154100543390583
"105",0.403391554595862,-1.56981161906711,-0.117493510675434,1.02432622481043,0.856028420229932,-0.339482268209102,-0.970744775909476,0.224028580248997,-0.171119399302509,0.193699483475813,-0.618319085388928,-0.0979143714398115
"106",0.375641239810658,-1.2734513172056,0.0572304872128279,0.961973541112145,1.24007219610307,-0.288078827686681,-1.46110412115933,0.116619415717882,-0.678601614742394,0.332029427727601,-0.551947369002046,1.03753148386039
"107",0.242146677718979,-1.32425716614522,0.751172893471523,0.815028793681271,1.30749835426585,0.0522175511062889,-1.29971925419979,-0.455935585938734,-0.996002958816398,0.307333194508422,-0.661762270109662,1.01353635689434
"108",-1.04288919954206,0.803359596031334,0.0930441571917773,-0.153102179868845,-1.28049681895767,0.536262808565851,0.0874362983258348,-0.08621425911613,0.418746965745108,-0.329416606956094,-0.541176244073478,0.681201620224731
"109",-0.71507811779872,0.390278953537836,0.162548283255179,0.261942454934582,-0.687167497864982,0.266579394284694,0.454404377467582,0.0861919244623944,-0.13642659899153,-0.882514055522044,-0.95066098155872,0.635144319272613
"110",-0.579086920021923,0.34759790698858,0.290199293982271,0.0134171515911373,-1.09556975164815,0.29361788040577,0.83084028865996,0.610091200045736,0.266578145566698,-1.00042394869379,-1.46269819810535,0.450855683738122
"111",-0.695378959014714,-0.360280120269196,0.327266587814977,0.608928087152823,-0.972048837200829,0.284103105384063,2.49780100392655,0.871204814123481,0.396985010704645,-0.361277733178398,-2.17151930667669,0.753578761356318
"112",-0.0937529387547311,-0.0328810252083983,0.656289015797179,1.14508235430814,0.171394787506365,0.374502227596116,2.89127154003297,1.60662288780622,0.636960957157165,1.06093449891163,-2.04415110104023,2.73075618393926
"113",-0.0589978122146735,0.0278983075597204,0.704073587860805,1.13935143503215,0.399354165353026,0.240220174664043,2.81841559263546,1.66753630526084,0.691734964930818,0.841896564175644,-1.84045144750601,2.66463319239757
"114",0.155753963925581,-0.519450641557601,0.801659731994735,0.196843636152458,0.852930779764259,0.478619036581461,2.8854533541896,1.29716842680858,-0.00264108009931645,0.686664171817012,-2.11101993447851,2.74434775145074
"115",0.176829961676118,-0.249925958544841,1.35799770575677,-0.383151857241221,1.22851646418049,0.458352959527206,2.49485887184954,1.02854740032789,-0.178953260610736,1.06375258387444,-0.654265852726738,2.6377152982835
"116",-0.811492475796837,0.0956806556093815,1.46150437996154,-2.07466411898987,-1.6131372985671,2.43767056221285,-1.28238618838438,0.669709468314233,0.115787940717139,1.69842805680264,-1.82441718488863,-0.976002523152466
"117",-0.405023183709572,-0.538849226824224,1.22747595268603,0.215451317161817,-0.340713850392587,1.48527500448798,-1.25621083047217,1.10225169650155,0.468848548609151,1.42273861299922,-2.14586531001005,-0.447834609994534
"118",-0.0102821456282611,-0.756145186979533,1.15028518184011,0.841474202994778,-0.380741120479003,0.507965539866504,-1.4872786372643,1.29810760772822,0.227084635296881,0.585680062549192,-1.02617086840074,-1.03793031390506
"119",0.104846242044448,-0.989924277205685,1.48661977031027,0.881028593246958,0.0634309571702674,0.981565348196277,-1.32206769228656,1.05151203321658,0.49757512072365,1.21735596367891,-1.08031119831262,-0.561740070235529
"120",0.415963387064781,-1.54521445093437,1.67636805749797,0.722430749968412,0.722214037149019,0.949484967524535,-0.565877928443437,0.297721158421792,-0.102342621774039,0.603358331515469,-1.50426001157831,-0.547154161227017
"121",0.944479828183557,-1.45962100940984,1.68570372911729,0.469101059729886,1.34000565791473,0.652751797070887,-0.976907128956468,0.541179806374637,0.850873178905457,0.0730700924098575,-0.501306618914434,-1.18788205427811
"122",-1.04826895508605,0.551246111588199,0.460594689928313,0.365209986028609,-0.474028751261788,-0.991208045092438,-0.559710410490688,-0.0677301527033753,-0.059319651175542,0.393456115483196,-0.756598182178415,0.157297725808637
"123",-0.601974507871702,0.422701809262479,0.983456284947942,0.400234611735918,-0.279840843879585,-1.26414050552113,-0.554479490064196,-0.274964106222889,0.355570701279803,-0.0755968707108478,-0.130296569858933,0.0961015246809578
"124",-0.570852301740951,0.000996699397525532,0.473578230614786,0.792713331120971,0.475133456390976,-1.34679134252783,0.0122439137923282,-0.67719578927977,0.15980607950615,0.38779060126474,-0.980120482968226,-0.351747491205882
"125",-0.56147910130272,0.300791916297175,0.87747723427003,0.512191591801739,0.110988796226175,-0.821152196895826,-0.527367988994896,-0.207814783461316,0.672654698687562,0.440471806813002,-0.570995552067771,0.00838899878104859
"126",-0.532036201982957,0.561495365215141,1.09083048280748,0.331268904097617,0.544717734099689,-0.782400343265877,0.0549771853761987,-0.512982723440594,0.208848662339653,0.322308774141136,-0.445543171550962,-0.259570254073203
"127",-0.466575611597739,0.604856969817157,1.27484288098815,-0.108985564566672,0.418898580925352,-0.459687383583484,-0.30598789030006,-0.899477233840283,-0.319772914677931,0.171106591260985,-0.454268751835331,-0.360983044038722
"128",-0.250432982147651,0.264355797465232,1.09356204479238,0.426115064070569,1.22030182137649,-0.705367048149353,-0.208655023446235,-0.490433725920846,0.406628515357331,0.36632409409208,-0.329885736032454,-0.207205660549522
"129",0.0865892922009555,0.180162299107403,1.51907529722054,0.0805778410630377,1.64647585928239,-0.657279491873368,-0.513488143167334,-0.471422813128799,0.121674927025252,-0.386038231092043,0.736556201868781,0.160984110486326
"130",0.117388714631288,-0.183981889093845,1.95062613388937,-0.251830233666035,1.80638294965576,-0.0165242098927486,-0.579173007038927,-1.09807992961834,-0.596936547347594,-0.329443996973634,0.136188904299324,0.376909956788115
"131",-0.956329812436638,1.38790891877334,0.633561034266413,-0.100485856171995,-0.993139650120904,-0.823273891340229,0.500986617371437,-0.712820705713846,0.296013340576612,0.442933289797011,-0.892501588984576,0.212835841109505
"132",-0.389822287964846,0.919813837713556,1.46914822062368,-0.183475405106953,-1.01414224367189,-0.858038999091202,0.090297025780679,-0.623307043493265,0.379578542224355,0.0239967283875358,0.183504278699721,0.0981734599267134
"133",-0.528140262735982,0.706348077192159,1.22481462488145,-0.117172214175161,-0.934508232462026,-0.825388849100278,0.0310295195185555,-0.89897108024595,0.56437025346811,0.611191549029398,-0.450095415471952,0.234386661572318
"134",-0.376177355205233,0.53268623857388,1.31866028622359,0.142373425133116,-0.786067539287207,-0.691517470389215,0.0884313050794669,-0.759701096967133,0.437677452335091,0.550821872673662,-0.044380471951389,-0.0529293922995801
"135",-0.24159791413727,0.0780294671051204,1.3239385106318,0.404796681913399,-0.150765897086037,-0.949659149017245,0.619481285206266,-0.526132534974368,0.689131823002137,0.918298306272762,-0.244213112610109,0.472516702954109
"136",-0.344914052313554,0.394718147956671,1.53836887104898,-0.338818042750966,-0.15215699036614,-0.471777908081269,0.610585589630018,-1.05065081461057,0.209676759610933,0.706141202229944,-0.396053871283622,-0.0341334115365955
"137",-0.211904660008036,0.367002531136651,1.59294925415129,-0.194539435059265,0.106210046538529,-0.542204541392627,0.509543121173149,-1.07343191748973,0.142955571393836,0.505307384064822,-0.380007425318443,0.255441435107297
"138",0.107346483408332,0.228283727254506,1.58551062032098,0.195977196431657,0.734245541016004,-0.686198701387863,1.2580938639274,-1.05229191387458,0.239102408330546,0.623372042443033,-0.459309956541535,0.589245535336128
"139",-0.0302872912397126,0.471135922469382,1.76613831910852,-0.0131820736384783,0.979032474440175,-0.8588338425693,0.975020164454008,-0.579948445201565,0.386507547754394,0.152054455523514,0.616626255232476,0.726432574671612
"140",-0.0816482094219467,0.678340923999586,1.98712636257307,-0.851657980508375,1.17013532325101,-0.109514112417225,0.442767916753789,-1.04561109065835,-0.00877293003978612,0.528712297143967,0.521001381586812,0.0103708380508859
"141",0.159630627167381,-0.265829231677631,2.18872255012036,-1.18140315486528,1.33338227589866,-0.138991927134251,1.64598179345591,-0.797883508603715,0.323175663596614,0.368993732667764,-0.111452449912185,-0.342476503822396
"142",-0.581984485481628,0.526761051327808,1.43735812556628,-0.413278055712855,-1.04139167015625,0.465793509537668,-0.816532935936129,0.105123505631102,-0.268558082771307,1.32452101709705,-1.71786079490531,-0.647709408484109
"143",0.239936645943921,-0.0829370962754587,1.94371174671729,0.279984235003784,0.944517970375346,-0.526379921778237,-0.798641124123712,0.47477553978706,0.984255675702194,-0.0263219243057508,0.266800998454717,0.26797457883836
"144",0.12650262376471,-0.572459209968938,2.10343569999069,0.502016348001546,0.825031768522562,-0.448453114999977,-0.74155249463845,-0.726709065402305,-0.329862954053442,0.293057754040353,-0.68130224165983,0.531768031769144
"145",0.313818563083202,-0.556542202792521,2.08144080887881,0.446843468064161,1.27813663871426,-0.55869503394305,-0.401565582822759,-0.948376285822538,-0.252539562600586,-0.290898058566999,-0.478512738440656,0.0766764737415231
"146",0.369599575014741,0.399947815374173,2.010303647677,-0.140438494563207,1.92068788052046,-0.481299598534172,0.375031312829402,-0.322747084655617,0.354513999597204,-0.371112620853797,1.71651904188373,-0.0355332199710991
"147",-0.799517540566037,0.503897670894729,0.0567367705687913,0.423706539170325,-1.36988826727978,0.0307938199969403,-1.52431074513182,-0.33258399804976,-0.559564425479397,-0.58361200787852,-0.339483104948633,0.54065956273412
"148",2.93714098161061,2.53208218996109,-1.90121265665788,0.0784504099903481,0.568584168521843,-1.74643765964291,-1.53423871135876,-0.819276806825398,-0.937751701650483,-0.575230128466585,-1.26611670505226,-0.601345818478731
"149",3.86305103485726,1.52235362779484,-1.04137054261737,-0.444128969966373,-1.22677045846244,-0.593367944098165,-1.3081819352008,-0.298760048576907,-0.253579319724735,-1.31926237589572,-1.63941944416145,-0.681209702375385
"150",1.88098958176693,0.153536504903005,-0.608222748646898,0.264867711393853,-0.356545357487261,-0.0131347560250806,-1.4487924828637,0.584738926790821,-0.279034455243341,-0.648806255742093,-0.903542553338118,-0.304424536743048
"151",4.39050127523995,3.51626234778052,-2.90452717930568,-1.07990564355178,1.30193567886325,-1.30944921223079,-1.80633283439502,-0.882294932124685,-0.663463018534191,-0.0880414339727771,-1.23501995437797,-0.822869029889651
"152",4.17794486633592,3.99357883440562,-2.69303113383293,-0.957199159163868,2.65368324547821,-1.77475547809894,-1.5474408500561,-0.931040963525705,-1.45961767909687,-0.281386873403748,-0.428250719842246,-0.778303602838039
"153",-0.811120273481906,1.35679936287362,0.121771523874423,0.606379545586513,-1.24985051145591,-0.0342678584011363,0.00769213792168421,-0.0646740514818027,-0.152473145517523,-0.551746658058612,0.207539169354641,0.695809864141112
"154",-0.83085331464496,0.599523652961841,0.781516448396388,-0.911073097936408,-1.56373422984864,1.10427367039203,-0.638950641985578,-0.66324087196261,-0.463726718842139,-0.170799890579857,0.166616920011045,0.370039638233079
"155",3.21354438103976,4.74049618791065,-2.48320965846311,-0.748698303224655,1.80989056381216,-1.61060356014421,0.647873792481693,-1.16619935084202,-2.12338050403342,-1.22842027174357,-2.29040786976847,-1.35769766854425
"156",-0.281154323825825,0.414858682802463,0.330937055598033,0.166563878591041,-0.973459549076562,0.59231797178847,-0.182588254819877,0.40862062592398,-0.555911683410956,-0.729664098481112,-0.484150755553769,0.0414780120779069
"157",4.19532376351349,0.984664747414518,-0.61115234847232,-2.22781056644281,-1.71041200832992,0.868405731003848,-0.637235831388793,-0.788782855691266,1.03466594272557,0.0675979369126165,-2.094756952179,1.19946041728987
"158",4.98364473603378,0.837426550671839,-0.207823574258582,-1.88531912731954,-1.92161003697736,1.50703213139562,0.0455460694055634,-0.454316945805988,1.80649943559198,0.795138773447677,-1.86175778373158,1.65012646809836
"159",4.57333305139044,-1.0249889272115,0.628238358346685,-1.49928091682094,-2.7194705300056,2.33437889900351,-0.125710903266159,-0.588498211328093,1.76905798164155,0.753743777094957,-1.40960705720299,1.65250185588588
"160",0.693075523142217,0.0946601838469915,0.416779086807689,-0.412214743937932,0.143846153784892,0.716137802869496,1.17155380927836,-0.120805313303732,-1.1550131379207,-0.783093800474413,-0.57196731025074,0.0341189013251329
"161",5.44904835013269,0.892699432883317,-0.0268916289236873,-1.57151454790771,-0.762618412587348,-0.079266277913465,-0.117007265498444,-0.643859324386034,1.37910856334369,-0.1297729931191,-1.62478841390557,1.74606215073785
"162",-0.0653345086838393,1.13487775758443,1.30644717158789,-4.095420943776,1.19830774670769,2.5482626694611,0.0820983886555783,0.371846262646292,-0.756944769363321,-0.381206135871014,1.28722293320662,0.683781459859529
"163",-0.731238656439286,0.0434549943521678,1.21894355375471,-0.0257051684402772,-1.81676227907928,0.869859423602143,-1.19288750512355,0.292271406996954,-0.388639974641175,0.863360882474954,-1.81225663690949,-0.906642386764734
"164",0.133449621210869,0.256479678213607,1.32999066424487,0.574348293257577,-0.46351212895445,0.551954831780376,-1.0494650701785,1.19558499770933,-0.435463536135062,0.355582072319937,-1.57071052499513,-0.563318047594317
"165",5.51028398479746,-0.492136340529048,1.83026743526991,-0.126705662189742,-2.26724399129342,1.87996223432148,-1.62912501166442,-0.0624225636282979,1.41035182580941,0.878230396760878,-2.6814274442511,1.59580223030548
"166",0.256968174252729,-1.73731942227835,2.05254156272043,-2.51094536141939,0.837221895786873,2.47765755246207,-1.05925465649575,-0.886126856092703,-1.10127024767677,0.943474119452056,-2.33422215410414,-1.99379297703981
"167",-0.47914261401543,0.321793896294632,0.406151864710483,1.65108260541865,0.0503569258567433,-1.22229266608454,0.0404042570219677,0.229304247258092,-0.410286689819724,0.265686999976761,-0.808859114261005,-0.775749350803544
"168",-0.599221111154582,0.409930044549004,0.708451102049347,0.917380513740311,-0.663686130849425,-1.53026883820624,-0.436520609377236,-0.286003456531356,0.0665607022607207,0.291686783874192,-0.392700639004473,-0.254413492070868
"169",2.90623008220477,4.12574133563081,-1.78691503309132,0.15132681701988,0.932420232625121,-3.58649104732174,-0.0570449185937905,-1.50513603684517,-0.00627550786315584,1.0962831796509,-1.04807973509501,-1.53550806528971
"170",-0.271947805945723,0.47325181861531,0.841377813643113,1.27908109393016,-0.295762981214732,-1.27550018927511,0.970160255811217,0.132349062461701,-0.198231471888852,-0.493351642133018,-0.470195269434508,-0.653363895557377
"171",-0.566894554704429,0.372898938854415,0.778049339835395,0.527347314790044,-0.956036270379476,-1.1670997868457,0.712177617463613,-0.697846382516012,-0.150543660661659,0.623368149771579,-0.47366247866633,-0.112273298063342
"172",-0.517540650925435,0.244407365224072,1.30656724715021,0.473258193631012,-1.04799680703728,0.144905037850364,-0.913708251008437,0.0241131921226299,-0.558447669111568,1.19628705379246,-1.66911519927793,-0.450849101573285
"173",-0.731713041973994,-0.123710289899574,-0.672817352406371,-0.66455257159604,-0.486680036220346,0.25122292739543,0.11987764520785,0.740568199736812,0.950513438032503,-0.0798039688808082,-0.440621268938093,-1.40406107152716
"174",-0.830732162366316,0.581634761029294,-0.708637176869724,-0.571810594196812,-0.379981015200343,0.315110091934322,0.085004788558054,0.810939118635055,0.955484941541138,-0.428801370501818,-0.247298644015915,-1.04558696175986
"175",-0.888997715416279,-0.152711286175847,-0.405878846906774,-0.789772909383617,-0.400460651196496,0.24000951575249,0.124355740761606,0.616111706200026,0.365784360451478,-0.110219233700818,-0.775033258470032,-1.19242208693225
"176",-0.907789649267352,0.310007830958985,-0.274809737202262,-0.670620096593759,-0.518768075501823,0.328084371732495,0.229960332631267,0.234669105433791,0.191023688520276,-0.30155312076929,-0.818593355369071,-1.20654128292406
"177",-0.765021965880593,0.422842998948815,-0.301644568957814,-0.502199319345429,-0.352364218765685,0.501975234812043,-0.16817832238415,-0.0326441914274596,-0.150477609224365,-0.0810056512407336,-0.880351411139579,-1.28688822260319
"178",-0.761015992898403,0.338007116145053,-0.111677859189706,-0.54813012536619,-0.486571515390135,0.429204029699629,-0.172934371975452,-0.0833646672886384,-0.34337220611491,-0.11832850435076,-0.746743096626949,-1.71603480160114
"179",-0.602859716530343,0.0245817908229311,-0.807152900958065,0.95650565910706,0.0304187501661768,-0.2654062015421,-0.387159277152312,0.442209261089532,0.631807046470067,-1.17812806051586,-0.227617648680424,0.565785405673804
"180",-0.909910531748286,0.30589791708121,-0.7834943654508,0.779743421557605,0.0145756963513975,-0.204509474749922,-0.614833625463373,0.479039556385874,0.135536690241185,-0.660275888455112,-0.643201080592714,0.65833726113185
"181",-0.571040448360601,0.242362033776667,-1.19112621871988,1.16417414470649,1.23249724962151,-0.422549457970802,-0.400047035654187,0.481376700059486,-0.2085266803936,-0.381530748137991,-1.25020082698898,0.175230364022584
"182",-0.267631822082147,-0.578788275244172,-0.938567226020701,0.870763211243926,1.04109373221039,-0.559956898064382,-0.706794544744539,0.902652391433258,0.54885694487787,-0.361419624907229,-0.791988707564557,-0.598869468087144
"183",-0.3740037713593,-0.807924100720525,-0.673108491360459,0.630640079293497,0.701732232135782,-0.517363075474432,-0.565195281488577,-0.0916189315691113,-0.695875360419852,-0.8141884432733,-1.3708672503766,-0.12038028218184
"184",-0.69752445010699,0.00521742289017834,-0.487416588663041,-0.074763164610647,-0.552836730746732,-0.00244374832945136,1.33836786621766,0.0248009259426837,0.263617390723685,-1.77908211322038,-0.67914353671914,0.586348997466967
"185",-0.879085963812169,0.501930263706481,-0.719204669617848,0.15220043263133,-0.116011211985957,-0.185156088360897,1.35985598836546,0.161765314024085,0.139404119078545,-1.5994853332725,-1.20266810317866,0.411759401809324
"186",-0.766167385310556,0.934053371021628,-0.982696555964168,0.365187016156999,0.61604055315061,-0.136262064324182,1.31464131770551,0.203477835129191,-0.318078149175009,-1.07170772444083,-1.36451981052207,0.124154233124031
"187",-0.747419700694194,1.03136366867309,-0.575167377958605,0.164356318780855,0.425342125757191,-0.220844794542284,1.44420314833944,0.610515522838099,-0.0397864643567288,-1.86756589443642,-0.679661752245589,0.342441464990981
"188",-0.805852474525098,0.668608547561836,-0.189344247585793,-0.210205046654606,-0.185221096446452,0.411261695813615,1.03095726992059,-0.609145153082966,-1.03569287077067,-1.57268078332272,-0.762951245489339,0.0753147361543346
"189",-0.821667005426437,0.467066718831506,0.172262232679352,-0.480136832081472,-1.33155132142643,-0.68296103499404,-0.702214053885892,-0.600167327956807,0.258912437477557,0.47327908619417,0.323493748530138,-0.545960907054989
"190",-0.718487348284098,1.24282399334271,0.118415660745545,0.136609946898167,-0.401193539458755,-1.04550702755318,-0.538732107134227,-0.124570751327682,0.725054181223272,0.485558997940213,1.23160607964846,-0.563439342594647
"191",-0.433656863504246,0.576444120952352,0.717205257550912,0.0355289750018494,-0.267982863465139,-1.1784986414014,-0.511889207795571,-0.529294004102252,0.132014455753902,0.519040020680065,0.326801863589274,-0.580701152719459
"192",-0.25356237804989,0.698393303092053,0.693497604732934,0.300696211038789,0.277222644005191,-1.67398068929405,0.152429329577256,-0.443305767016699,0.528199317598688,0.135210267340698,0.57454590700079,-0.673528928453832
"193",-0.218092147406869,0.887177088093564,0.824702944839014,0.391376682338291,0.0359981349943222,-1.41353853642428,-0.219643190158402,-0.622424445668986,0.14945510130666,0.394709426218108,0.940366502653584,-0.605494139719316
"194",-0.311887301878964,0.394132122157435,0.963322121579721,0.514338862774891,-0.136076269861658,-1.04884179791885,-0.154336973862595,-1.10202911329974,-0.397152812196429,0.401701516523985,0.465970816213547,-0.539242934914871
"195",-0.181672360437314,0.651324354712762,0.986692700295594,0.576260967833895,-0.100549804205254,-1.02954851437492,-0.147208605637489,-0.519904351872223,0.387091044531646,0.209957147019371,0.944567037981611,-0.0860331009999192
"196",-0.120128676057642,0.296578893519392,1.05262487395188,0.610428262389779,-0.0652057921890112,-0.664530794371958,-0.350040350411053,-0.9615770635268,-0.873960639162983,0.321072306074084,0.260266786946304,0.0840452944080492
"197",-1.00225648603003,0.562274155532539,0.118844962495327,-0.694378143699762,-2.02832312608227,0.0121608504045528,-1.7906193228413,0.542327888411297,0.428966269106896,0.567887673841119,0.682465051016609,0.00643600970061204
"198",-0.918900590105561,-0.699066607064116,-1.27689159690716,-2.6541738759031,-1.07347253454654,-0.317375148024454,-0.621473654874258,0.50654258846565,-1.36916145750391,-0.0993241771437179,0.447803380760654,-1.13221226989545
"199",-1.00191503630854,0.00336320621562932,-1.40852062939151,-2.48126266537177,-0.865764984857283,-0.266632796061579,-0.940795908305941,1.07904074459187,-0.787302907808083,1.08926785243126,0.810224894605381,-0.966378145321579
"200",-0.783490170165152,-0.793776115936367,-0.735274493340632,-0.902346881723443,-1.22666677549531,-0.174820554473042,-1.05185312946074,-0.343090895696703,-1.25493506638793,0.590452884333013,-0.481818143241788,-1.36221462621513
"201",-0.652407362230094,-0.462893314657073,-0.813308410213146,-1.12975242963785,-0.324262978791598,-0.0516073259824405,-1.01633832712495,0.111571340408583,-1.04050576250082,1.00990588302263,0.0206305222651436,-1.02415259443085
"202",-1.20760281787663,0.676561190581678,-0.942369458498372,0.946080596318494,-0.879417163873827,-0.713453819954648,-1.6710105584757,0.461765164247076,0.219329326800154,0.174373945264509,-0.39111140270605,0.959504171842543
"203",-0.522108385679215,-0.291242772091892,-1.63486955975468,0.293335781839089,1.00456918404971,-1.05901565660576,-1.84660148156205,0.990244363582054,-0.460780388866731,0.0131005127747951,0.0678094414209394,1.37137565642467
"204",-0.44017554676794,-0.926106259875991,-0.995361899365855,0.513245463219256,0.162816224770154,-1.02149229111984,-2.0131638038663,0.922133035960448,-0.59540476230188,0.0985410092266685,-0.158876997712371,1.04801096862261
"205",-0.489944796713487,-0.628893056881357,-0.975518275457188,0.198228064701261,0.226526583320466,-0.90373076515643,-2.16770780513562,0.267237501018626,-0.795803199369327,0.530550552670297,-0.0338451770179785,1.9243889908676
"206",-0.769363034448887,-0.740218760838919,-0.622297800896398,-0.922625652222899,-1.20489274988228,-0.0312517668188344,-1.26653601455793,-0.259296488910922,-1.14623877562628,0.521381435912899,-0.449154441802633,-1.15974354752096
"207",-0.926135596415842,0.396112063181197,-0.507125176803834,0.535342682688877,-1.22869143618782,-0.459036181586324,0.213242482632696,-0.158756021646284,-0.220418745716432,-0.703167132109454,-0.104790154562766,1.60591865306398
"208",-1.11697431791714,0.0339216364791175,-1.68674016728248,-1.99643547934666,0.124013130987365,-0.838181289528641,-0.113042985835438,0.82236448359785,-1.37145438692036,0.254182045618571,-0.217285966075119,1.69330288719391
"209",-1.28564088169494,0.314545349382572,-1.90992880405455,-1.88430626974235,-0.140780925478149,-0.475084291789408,0.0899418550312139,1.06964283357286,-1.06303268112941,0.259586198693652,-0.282172289166329,1.08208715026145
"210",-1.02806056688389,0.301959078849956,-1.54936373926949,-2.51153387371861,-0.268335443521408,-0.393473380631522,-0.273673513686296,0.610185194420148,-1.66514357927493,0.0707412768253806,-0.222299795726646,0.682476869199832
"211",-1.30359580759954,0.541735900221389,-1.54240144262701,-2.65359972330773,-0.00787653644667928,-0.080753694237556,0.337450798895179,0.269801010360838,-2.08196185939896,0.225631395315693,-0.478428798809257,0.767975753786325
"212",-0.677642511699115,-0.246882802419973,-0.606122370593716,-1.88121824900416,-0.239956875674042,-0.0175626449908642,0.637723923995453,1.20750693498436,0.957395491901304,-1.09878925841901,-0.213948414309421,-1.77955154544651
"213",-0.429911291731051,-0.818706495943301,-0.812140936279311,-2.51815067231618,0.142734402157205,0.186061069466577,0.715017095411738,0.347841500220182,2.28354432363221,0.165220310848997,-0.283430790577132,-2.28595084537008
"214",-0.0154783366493617,-0.494538882785217,-0.708334343764125,-1.73803986231163,0.741864385578305,-0.143069133557707,0.807213870680672,-0.117492004303333,2.89897649135956,-0.152065448978895,0.212065906606112,-2.23914907967848
"215",0.190856814675307,-0.19313388086979,-0.613527605146857,-2.31112629882326,0.801280524532642,0.320150827105608,0.632672765246081,0.756420140098794,4.44264663922243,0.527104188623822,1.23546049932881,-1.62467113567767
"216",0.502341105984182,-0.522037504282908,-0.286998057297668,-1.83441193316086,0.983057926235896,-0.177291731806311,0.615328436488857,0.85214046946394,4.58406000170328,0.103280506395118,1.15011435733889,-1.76208713168936
"217",0.421329907850504,-1.24021947464393,-0.158280197908632,-1.68777627297669,0.488629214458977,0.0195529090265666,0.525317423697591,0.576543086208912,4.05749476630767,-0.388262948110299,0.734840853473209,-2.25873709299606
"218",0.567711494969492,-0.524115966326318,-0.852390890879874,-0.632703873220469,1.47214911381591,-0.703377539706644,1.02379517397749,0.126662804731802,3.76795726273936,0.0162167669644217,0.57909083443427,-2.28744513387868
"219",-0.596635579406793,0.750928927804262,-1.09733568386506,0.539851885544147,0.798165809802142,-0.530562967235382,-0.267930143162469,0.929700435150624,0.789916673164028,-1.41308257193647,0.475793568795862,0.553670923586405
"220",-0.186628256340966,-1.25705067416867,-0.867674538459143,0.821247727122034,0.681074744365463,-1.09073184335482,-0.441642283583201,0.0746411233774383,0.445762334348981,0.261237682428811,-1.18931543654653,0.610062773915204
"221",-0.0900020968152597,-1.24717232794546,-1.01354199131414,0.815466758403591,0.575730204791846,-1.0111562677433,-0.328813922292515,-0.322855640514834,0.165021682964057,0.0218321618199181,-1.1161556680033,1.2456867032455
"222",0.0640342541179939,-0.387560111922763,-1.02618717695656,0.59840688631642,1.13270212029543,-0.361407221965823,-0.467385025559391,0.545828570037661,1.88045884264939,0.53674391202245,0.257590663766923,2.42546910899083
"223",0.309730717685701,-0.636739487897458,-0.727361614933954,0.567705379541977,1.15463019749959,-0.609683663547096,-0.808613724709034,0.495182059661481,2.03511274067834,-0.21212300653861,0.571638105046195,2.44458304905134
"224",0.38115123560438,-0.835376697387106,-0.564531218928181,0.545745796083093,1.33932280755597,-0.889545884901433,-0.609524700119016,-0.0318701867564131,1.44544813303012,-0.566441798606871,0.350842858498513,1.83328143706308
"225",0.496477914069413,-1.48770630870615,-0.183972930287988,0.251959332941128,1.24244145122793,-0.745706339925192,-0.601352881193657,-1.11796341818601,0.457185970798392,-0.79843519723421,0.00216134739529731,1.784250553617
"226",-0.580970800458658,0.527904395724648,-0.840212438836112,-0.693348671456246,-0.022279961526652,-0.16783429139031,1.23380256082275,0.571446761668764,0.861545228133509,-1.67279797484564,0.0834949498609259,0.552274060969498
"227",0.00358702875982595,-0.102910198157764,-1.37431057652715,1.07583570778466,1.25370973195067,-1.10969358996846,1.78270994266515,0.340230044839675,2.27288668106433,1.11161017475373,-1.02432508276367,0.861721836043291
"228",0.335873843323638,-1.41684095391219,-0.413175747926706,0.711552291381939,0.406905748951556,-1.13371047497094,1.58130550863613,-0.767910606053266,0.816584181916794,-0.967004835272854,-0.924610706290212,0.12002853665489
"229",0.321359963435155,-0.956137732304882,-0.51882389718213,0.321487014941815,0.536704831531206,-0.817319250718766,1.87616638964043,-0.411223235110034,2.12744442655446,-0.764228443153025,0.0270359981017075,0.599511967415745
"230",0.646720107929085,-1.09640419984223,-0.39627704570181,0.291564940309051,0.57767273121928,-0.932780759644019,1.95657506330019,-0.239985844140205,2.4235005556593,-0.965980266221835,0.10296067202676,0.940141013102718
"231",1.82902958435107,-4.54020870806281,2.40453932000003,-1.48254764667661,-2.57526538099064,-0.922480365146453,0.428216566205193,-1.78509036125508,0.173955059264027,-6.93560213802245,-0.430696557555172,1.336537627911
"232",0.756946504769085,-1.0050856423914,-0.34617334986841,0.669667844761535,0.727134304979805,-0.860091315043578,1.9541089477048,-1.1892373588975,1.98610622577568,-0.659887262005103,0.147210278100344,1.36671491690295
"233",-0.538988761131216,-0.956843698068494,-1.09887818990147,-1.66712666878825,-1.21005545204483,-0.0922960033687455,-0.295025810704897,0.369787686074258,-0.604906443794034,-0.214831621037463,0.715122488966598,-0.663927695972177
"234",-0.449195780161511,-2.21389380800313,-1.94179458014897,-1.69208757211815,0.041258755731297,-1.2289237626272,0.126842077205133,-0.358258805976829,0.173703381181281,1.40644586426807,-0.721110769209157,-1.55555773902028
"235",-0.136317098498093,-2.33794132294486,-2.01990070312445,-1.11920526338046,0.644400377526791,-1.52464809263945,0.621252315560852,-0.875098109143885,-0.0916903656431099,1.61359291629521,-1.22056343299843,-1.79931941640228
"236",0.0112488933012086,-1.72391091104355,-1.50229796398277,-0.882048148469375,-0.30303092962895,-1.14755588207319,0.371525477918936,0.253039331439051,1.32375642851933,0.548954204171275,0.241411734776218,-1.44575074285341
"237",0.197476313652202,-1.89128159136803,-1.14440446274002,-0.0581776834227344,0.141112808234163,-1.03774461076715,0.903874359230151,-0.22531669519799,1.38287043269978,0.153665861265354,-0.239226010487081,-1.57450015228734
"238",0.258360854014412,-2.08001624119512,-1.05570708439837,-1.26596601239827,-0.309272011855557,-1.15163766180311,-0.199528068203161,0.039037183878943,1.67701547076655,0.628757435222899,0.402483661016641,-0.886099232818764
"239",0.0860369424899843,-2.27369602377089,-1.14874154299447,-0.997335682113928,0.0906752303910055,-1.1577244816062,-0.00163532198416555,-0.710577960588394,0.645961955703648,0.251577525569516,0.0539629462981892,-1.02959510337181
"240",-0.82656925432196,-0.152625859043293,-1.65394388326104,-1.91435248196492,0.310275224450043,-0.811307626490613,-1.65126074245858,1.24342139987423,-0.38294227787605,-0.122478526518509,1.12951825027175,1.29040055376249
"241",-0.655889722343998,-1.9333490501529,-1.19110518261746,-0.818163583632071,0.0511450143703361,-1.20021577978302,-1.50894727905484,-1.18571909720426,-0.844632146554541,0.619166309684252,-0.604674813329293,2.16485214445667
"242",-0.674074702497332,-2.24379368528373,-1.3428254484801,-1.61482723953855,-0.508205444592324,-1.08651634726234,-0.979494594600546,-1.91371348746009,-1.44653411911111,0.756286653465921,-0.722899845568536,1.89745707229339
"243",-0.722868084739308,-2.35376432669472,-1.06051675139831,-2.27754415017698,-0.66660219294015,-0.971613688783265,-1.02748041966629,-1.62166029397769,-1.09137014798437,0.985855653003433,-0.165753351387307,1.84800830847649
"244",0.270299306905074,-2.14961571820679,-0.463798407726752,0.0743921002360103,0.0208592507038589,-0.986371200817938,0.163602497920155,-1.27789543819765,0.355162766925983,-0.540568189331139,0.457602480748604,1.7507690203008
"245",0.0630154032170212,-2.39170177136141,-0.700509076980124,-2.10846982080716,-0.506665453704756,-0.927485440263464,-0.533766342020723,-1.2406674471134,-0.581275441410669,-0.361203159801238,1.05650521542083,1.12846801160768
"246",-0.273507195847162,-2.43811683356236,-0.69683465692783,-2.16035277008408,-0.207315558809802,-0.728673507025318,-0.184504400334235,-1.79965986599941,-0.740144957863984,0.0329712577334878,0.485154533046203,1.14860663075475
"247",-0.694203019814076,-0.132126285173236,-1.64612724937679,-2.26257134511429,-0.278861400914925,-0.447200694968025,0.357263400440191,0.634017018315104,-0.526694502735251,-0.326069960746909,1.10745260733035,1.36574779909387
"248",-0.439478916248261,-2.01006583339223,-1.39945925987517,-0.879019109198601,-0.176482504429022,-1.47235116683047,0.372064076390278,-1.31806441490279,-1.00230867945626,0.705930598858642,-0.931291388825836,1.62148200781346
"249",0.0395206130072236,-1.97399806639554,-1.35455583751892,-1.21154634585568,-0.705628819481129,-0.958575965613348,1.15500231136278,-0.837901662753885,-0.00954360653484081,0.00363220777822181,0.636525247541166,1.05876456514093
"250",0.313252594587462,-1.78636961834441,-1.00412260763984,0.209065535129761,-0.170005462359042,-0.79743376962095,1.74639184585176,-1.28860797019506,0.680683351995838,0.0569610079328589,0.11417251408069,1.72602904286013
"251",0.0799165300793049,-2.91418005126268,-1.14686442674202,-1.66112085799517,-1.04598068405157,-0.67858027703666,1.24658354532867,-1.67629944161728,-0.960193276574451,-0.00958848727686082,0.273845285169215,0.384742029065826
"252",-0.138516192968423,-1.46688917148464,-1.30017745955975,-1.58809745040952,-0.404684688503564,-1.00347499699102,1.22750863778669,-1.33821312358596,-0.107385196687148,0.483978587363751,0.486616121117281,1.46070563665815
"253",-0.90513143125982,0.750239795888033,-0.255913764776453,0.615253076711413,-0.627281205529423,-0.395878000391836,-1.16377540046457,-0.256558261955319,0.0270141801979985,-1.05579378581103,-0.634240982284838,1.19254654377756
"254",-0.463790548515957,0.791984918515324,-0.584534101404481,0.834889869558455,-0.473438874993727,0.0164466797850043,-1.15563177500157,0.98658427489959,1.5435960062211,-0.676154190995168,0.0806108666252338,0.63186192486129
"255",-0.668469534340417,0.287314759487265,-0.327037063024008,0.487475870738598,-0.393223344566275,0.0111498624861883,-1.06499724329758,0.143702531011973,0.414641513036041,-0.947723895260718,-0.110273907230799,0.775613495907233
"256",-0.7372438413788,1.01633720902532,-0.347051276091457,0.236155016445921,-0.915736398938011,0.446320782828257,-1.49172345632295,0.377935655705721,1.13620217124637,-0.341722772989127,0.407162724231613,0.855391716059892
"257",0.331220608969363,-1.22517106862584,0.29501400622907,0.795342324525927,0.903736564336487,0.145360674235332,-1.45533081557402,0.784533349148883,-0.109043663469229,-0.143706074816558,-0.123068152607431,0.44912819574866
"258",0.785883412715962,-0.754856132221946,0.339214577576535,0.711619511576474,0.745650124131288,0.187652577164613,-1.95566517558752,1.66288395478221,1.37575690087352,-0.0736657602326344,1.17176892983214,0.8427973164462
"259",0.349564456610326,-0.913705146234107,0.75258264431216,0.18799598974547,0.983649756180546,0.433842087669272,-1.82633659328176,0.648137013271224,0.277777794943912,-0.370643909013533,0.821689254338186,1.31129338590792
"260",-0.382111689763242,0.536255841091627,-0.59912635031776,0.494571177048711,0.666369036803967,0.140658166621303,-0.607154419145414,0.791076807628842,-0.00483122185465994,-1.86660911034865,-0.00684219090150236,-0.465921826798293
"261",-0.25291460488263,-0.403551318086216,-0.708690062902992,0.359731194160081,1.22693242297862,0.395282319194849,-0.194396783457403,0.429701276328623,-0.270411308430163,-0.528132895165239,-0.994812513173728,-0.706048726844963
"262",-0.0647286861135287,-0.000933970350872482,-0.687508405513616,0.288723618396482,1.43448986073801,0.449433124629903,-0.535334620782875,0.973365391681308,0.59475064277804,-0.645588737549743,0.166783530428545,-0.706353437813172
"263",-0.0697244527076303,-0.219934914966537,-0.313788612053394,-0.113163940950054,1.42696765664037,0.562020097276108,-0.285313236311623,0.765640455791156,-0.228211390292829,-1.23580771452545,0.58545220858317,-0.97267308240763
"264",0.0178952907823,-0.563838674919103,-0.0157232540498234,-0.298020777444233,0.97075655251835,0.748847380166462,-0.322670075069204,0.47668949916225,-0.340466721069462,-1.57867190881487,0.346846543064335,-1.2963952385832
"265",0.279308756706249,0.755980119557685,0.206437834139256,-1.01640938847459,1.14165556704414,1.28528993442112,-1.00215772930161,1.47912002868807,0.698900885419818,-1.56937549507196,2.15519254641451,-1.0644492365387
"266",0.055660934883191,0.492373876171115,0.641615740718039,-2.31497502060071,1.54575930436296,1.98707626404727,-0.754596124192132,1.14682431911212,-0.0653565853498342,-1.31009537699914,1.5653116209451,-0.46188626575517
"267",-0.12606015073081,-0.0690174535900342,0.721932392361444,-2.38277910633141,1.23672830686146,2.2745825160057,-1.29324534188939,0.37805281417066,-0.37513426432958,-0.87902014464906,0.944050847847034,-0.180227414640988
"268",-0.664430075798679,0.845026591460738,-0.34418570357713,-0.609370753341645,-1.69588397812849,1.26904198474712,-1.91928694979224,-1.30552288256114,0.920509087580191,0.529881436449615,1.53630244933894,0.853531239566969
"269",-0.449836706296376,0.0998113179499033,-0.632737559270452,0.102154792101893,-0.840059483828171,0.915999735721609,-1.25449832388953,-1.00116777328304,0.368956639349383,0.545311572689787,1.24205661999779,-0.0394143784275409
"270",-0.270083137057181,-0.13074911108962,-0.997722645137447,0.692051232131427,-0.780487283629602,0.959617359527731,-1.07176663100817,-0.759658043253825,0.679616066493907,0.989075862991965,1.70693062478214,-0.397814359185255
"271",-0.0972454860766581,-0.500720214970428,-1.19264080572697,1.08405349632471,-0.656774416964071,0.905705719544282,-0.720377538150813,-1.29655335914629,0.409434080260502,1.2417933530375,0.704179398224449,-0.572596745763707
"272",0.100636859378216,-0.780918930593535,-1.27991103530332,1.72875058667477,-0.389872239536377,0.786013121887133,-2.78875245771958e-05,-2.35595659787703,-0.438922656314152,1.16549425747686,0.33856397963486,-1.33412125514302
"273",0.132827463887558,-0.644082641806302,-1.03064390572359,1.13412347705771,-0.928003456287441,0.798528778647931,-0.943041473359502,-1.34319170142474,0.620644213570797,0.88334209702321,0.885384382125356,-0.940687941305048
"274",0.396241594239325,-0.963810579670672,-1.32851935806518,1.63658252560162,-0.268367142816027,0.778653666369337,-0.214262806460849,-1.57474893122157,0.849982200905189,1.50699515847955,0.545509637071348,-1.40608627482243
"275",0.365798235612239,-0.900708242990477,-1.22251525717608,1.44702328720745,-0.640357218897744,0.576066421170213,-0.00610360318124236,-1.62074397365095,0.709734229925884,1.12689024373098,1.39652421030228,-1.5897792074387
"276",-0.0133518123473841,-0.965314201316578,-0.957989479186272,1.37925236893791,-0.260825953553942,-0.0503446726291419,-0.485243452277399,-0.871769286870445,0.659984595392189,0.86871638573527,0.221328462635475,-0.704654889694849
"277",0.193661227527983,-0.240921393317101,-0.922442881131358,1.11769695840672,-0.393372702514377,0.556345839052586,-1.23149550697122,-0.207320093362192,1.64031156214734,1.21001651999102,0.959537388538506,-0.218673852916613
"278",0.170214075540065,-0.927147773744509,-0.724694166397128,1.17942998473602,-0.52035039358186,0.591888920766315,-0.406306370978582,-1.26455006924724,0.719264062534074,0.424677327798137,0.778598106394347,-1.44335693070548
"279",0.0393435223518399,-0.714497727709027,-1.06008857210681,1.08917567798393,-0.343626423562827,0.594967986274979,-0.284067062942748,-1.67928401054917,0.619550060682918,1.03409617419367,0.683666538005967,-0.933418916444465
"280",0.152836450337298,0.588766190361687,-0.702290628250434,1.63360694741408,-0.132290788373001,0.617366466016303,-0.946683256018913,-0.106140173164488,0.197576969063255,-0.855061696960902,1.74717023320235,0.520323307337288
"281",0.47926696936769,0.604792046853749,-0.257986322449192,2.00494401136311,-0.348752575422692,0.837248839167476,-0.976567414556838,-0.351462487380065,-0.164685043653676,-0.815387327121688,1.62357787040576,0.704357936546712
"282",0.492416970953046,0.590097968875067,-0.087853535528521,1.6418846070438,-0.511054058775936,0.887659558207973,-1.2617127658919,0.21469936970518,0.0193331641015433,-1.01546518879097,1.97108647882391,0.460420601145399
"283",0.519360774695604,0.108512571022927,-0.414726003656334,1.74579432262195,0.40201461230353,0.779398653219778,-0.803038807605704,-0.249347910031447,-0.745429206340694,-1.25204801678771,1.26257896303444,-0.559488675745018
"284",-0.182902373233461,-0.609332323682863,-0.646394799910602,0.356632935408088,0.871135978779264,0.114391483319532,-0.479863155048114,0.196087048565303,-0.753696950690961,-0.994289435399402,-1.03192385738071,-0.961454621894848
"285",0.501474258137201,-0.424434447355364,-0.636010786661339,1.56177797995751,0.984098736099063,0.468959274396168,-0.207261664677154,-0.0716130219084329,-0.0883900895700028,-0.829810038481579,0.851007434991797,-1.44130151245355
"286",0.439868177767843,-0.815810703109977,-0.826400566397634,1.82038774664847,0.80895169472596,1.14862908595092,0.00527559604521716,-0.314599693367334,-0.187595447613014,0.194418170311645,0.883932549186348,-1.46615871286253
"287",0.00223141080684507,-0.590029459208477,-0.731060867074122,0.862265883815206,1.10774860936777,0.772768801457862,-0.332134106411828,0.0574840526838188,0.0928546540996407,-0.269446082876217,0.198477035010809,-0.841400525170233
"288",0.179934162235482,-0.291596393164387,-0.516000947823785,0.566362426019856,1.16065362257723,0.948427143924226,-0.969185557097116,0.576516064841119,0.809152655391138,0.031732822554928,0.54179589383188,-0.234956312141489
"289",0.167811238932071,-0.455431131571864,-0.23906293131562,0.536015661702705,1.7192428297593,0.347374635053154,-0.867957340547112,0.85605506439151,0.708067346289523,-0.533564659245804,0.32384560091004,-0.21729757209065
"290",-0.0261785261243579,-0.795951526386698,-0.40306654130996,0.475858488252513,1.02874560553653,0.375245138126217,-1.08924543274048,0.332883726813346,0.174157619307596,-0.414526185649372,-0.0235738341469587,0.188829259577874
"291",-1.01320519364454,1.3082058816767,-0.343174004798092,-0.0224971951518402,-1.08808723847214,0.138551108983879,0.59437549234823,-0.144870352385298,0.659530681170098,-0.52062136646158,-0.0455130643388235,1.32392199080101
"292",-0.506415409848678,1.46584779633301,-0.954451813664367,0.47533666040042,-0.0467353298958334,0.197063990683369,0.610404978794102,1.16873933674661,1.74486743704632,-0.434549036021944,0.16090644123701,1.10785470865188
"293",-0.739544022901291,0.827903698132092,-0.68387771365239,0.138072808711244,0.0089731431281088,0.15854258617141,1.16685556258947,0.326484503831629,0.665672334619944,-0.762880230026603,-0.845393696935112,0.79352223409239
"294",-0.692997795600514,1.10460567440197,-0.541929096473954,0.231040089899384,-0.436309219108947,0.061195407513691,0.877309294748644,0.68734766405246,0.651758072784591,-1.52171269184066,-0.337504002461539,0.353232579502015
"295",-0.707551803455488,0.756692760214003,-0.380732916829263,0.00279664488675765,-0.411195321770525,0.217859403370584,0.666964968031338,0.725843587110716,0.431535717526124,-1.46884865143987,-0.533755411112245,0.228495991686114
"296",-0.360507352034068,1.07834841470718,0.056668291186167,-0.609209052641607,-1.37184140032794,0.593713563535713,-0.644118976934904,0.309096038818352,1.19701102611835,-0.508493174857647,0.653349462354577,0.48323982957487
"297",0.391664880479412,-1.11144427319641,0.44152212156345,0.14401028798776,1.10394210776293,0.00676465965318645,-1.18594932166138,0.75636394171673,0.0878538879660924,-1.84140951027162,0.326406940301048,-0.778806554346364
"298",-0.685751777153164,0.876385181289947,-0.311479105131674,0.106729270668148,-0.363657055528483,0.477490673304343,0.792550966920745,0.305525110953774,0.16935519646629,-1.20496000096858,-0.681032209244284,0.339173328675935
"299",-0.69487442878021,0.711420660539283,-0.0464914885050278,-0.054960279549306,-0.516538824075256,0.407405857926741,0.72087033784848,0.0604161339244747,-0.227286748829183,-1.69340779970944,-0.528757591706058,-0.0108669478119968
"300",-0.340688304975704,-0.156293450796417,-0.764430037881969,0.179090977266546,0.76108986306379,-0.221954016356348,1.36033210314668,0.782718454991387,-0.579765702615925,-1.03266724801533,-1.69690695956046,-1.35125128011424
"301",-0.673175555256792,0.66558614545696,-0.00100067895540607,0.367760778616772,0.0631673383674688,0.537126455888034,0.911790144183685,0.122699096581082,-0.728944175617475,-0.6789714396124,-1.80920998638017,-0.505142687618777
"302",-0.675488370645516,0.98444210491522,-0.967865856487696,-0.0649907356424828,0.932086861925526,1.7909608581938,0.952473350676213,0.0846232914104679,-0.613398291988716,1.26909117995327,-0.43298106694743,0.789909760401673
"303",-0.53180803578786,0.352294980714935,-1.02434744973233,-0.130793677210781,1.41567821824388,1.722180996858,0.967417074993059,0.699100675083899,-0.0550241612402558,1.83965980772547,-0.652313951666791,0.448068245578632
"304",-0.448852027421268,1.01906050121478,-1.3365901703221,0.28243661397526,2.00735673191933,1.49484389475058,0.94052146296828,0.474060635077503,-0.214865978291495,1.91237035978265,-0.158484540791961,0.610272438829996
"305",-0.596351417678402,0.607818790016074,-1.09864557866478,-0.275774492779201,1.69991375207832,1.93895862872215,1.04581243144993,0.194881589766612,-0.411528564585017,2.1825072840835,-0.41748308178888,0.921455991489599
"306",-0.58060636966663,0.446199592196894,-1.04150917876671,0.451702241497886,1.87749897129068,1.65385418688369,0.838976796907532,-0.315940854428774,-0.697106182563863,2.01004450199538,-0.632889329966723,0.629698681261103
"307",-0.383668904506282,0.473760697830072,-0.942123427349026,0.400487150671476,2.17885766448974,1.60505065978711,0.750234867758829,-0.244074355556371,-0.587245273743464,1.88734944471849,-0.365309662955009,0.923118005701568
"308",-0.52728086048156,0.294229892425759,-0.280768739024968,-1.35493753172384,2.12878465823088,2.66432480689708,0.518603390715954,-0.498778681608925,-0.793396542612907,2.46919749658703,0.0728709226210341,1.41539948904416
"309",-0.0720864611812914,1.1888407144195,-0.20695990504723,-1.19557585213366,2.9244352290472,3.75113626601925,-0.321130041875612,0.482055085092793,0.879631412182038,4.60775802860402,0.99881613902691,3.08559700275479
"310",-0.471794453680308,1.64519903392673,-0.40739573593505,-0.608469979999914,-0.583887064603652,0.903288712923429,0.614320542505467,0.58937279447689,1.84172377473694,-1.01677017938653,1.35995151706517,0.571083533567945
"311",-0.535011962349622,1.27125773079552,-0.0345214034033065,-1.30951390888676,-1.25250117176337,1.29274521221518,0.0821226030237686,-0.201834553819428,0.505058994079297,-0.990154482646925,0.938128857687526,0.234488086425165
"312",-0.130964741601785,0.391918952168734,-0.177436863076551,-0.762189125542871,-0.456662259315785,0.719234444343605,0.00279138990400533,0.55805534176555,1.19743107012053,-1.01850413001291,0.909239803643508,-0.708825847816679
"313",-0.605228353814083,0.751840032990143,-0.536513914674661,-0.560845280845068,-0.291259500590671,0.90607490604576,1.082837960564,0.0511681092148556,0.258752341182774,-1.16907748149379,-0.0918239437255133,-0.115837880373285
"314",-0.470229927951159,0.577064001238801,-0.579738808854079,-0.310549590940349,0.568898199945903,0.879208689088008,1.57684575135493,0.084403142303622,-0.462996702893806,-1.11934527291043,-0.753024072352521,-0.51018625584691
"315",-0.389352795823424,1.1321330779558,0.0900940472885825,-0.943538711347635,0.209726219205907,1.23244637278376,0.588487166536546,-0.123581320239129,-0.360956506041632,-1.4379887113244,0.631437272551428,0.0678941143856495
"316",-0.486094733391916,1.11027486535881,0.00391978789996759,-0.85466652765145,0.090408621233954,1.40783156704043,0.561216157928138,0.000575144712982058,-0.405363832742448,-1.25658648153361,0.388072547050164,-0.0722177504174854
"317",-0.32553383506749,1.15393912012677,0.396650904358934,-1.17209208692675,0.858655007951397,1.64034538713524,0.363821059115507,-0.19467265872316,-0.887324891455342,-1.6283435178472,0.974161971758363,0.0612275965666509
"318",-0.275010244044055,0.537166384985814,0.287875488800002,-1.15281473647737,1.35816275192578,1.92866814992265,1.12468250690386,0.00573674481003065,-1.14778203571009,-1.31939469511095,1.06369396933639,-0.49659223081098
"319",0.369632852826919,0.417984863929202,1.0165780350385,-2.37280452977564,1.88195611287104,2.31071944272347,-0.70088614994364,0.536505634393459,-0.314262907433297,-0.172330882695368,1.97816698303875,1.20823929934725
"320",-0.451065492587543,1.12680416265056,-0.516519518412105,0.124718744198812,-1.73779737588528,1.54092617071754,-0.0922226942706273,-1.60069456270295,0.88772431756693,0.546243119265688,2.12767366089388,1.09709002003701
"321",-0.154558249019816,0.289270609350885,-0.802546743327775,0.847518701889589,-1.74927077989413,1.7514751588611,0.645725516059583,-2.38438426652433,0.0951695657793899,0.575802156629643,1.11122165050797,0.0244375594157646
"322",-0.0827274859005767,0.307927334848741,-0.99368242307972,0.924730296168665,-1.47901305333663,1.11132740322994,0.630212162081645,-1.5465270034704,0.448100281036037,0.209535879383794,1.61902525517727,0.0704376604794777
"323",0.0132117733468694,-0.0700804535545995,-0.936155441805415,1.27407789496133,-1.12827241240833,0.937554653801067,1.139007299755,-1.67694151961908,-0.139552459775623,-0.201866740701478,0.668408293845001,-0.116554252072615
"324",-0.0557966355251809,-0.341603233110842,-1.14881695572581,1.48648495033563,-1.16636157733885,1.39760624941273,1.50779542533984,-2.77357267728255,-0.682429469648762,0.533653329355314,0.0505487856264276,-0.903474452910033
"325",-0.168823825661857,0.12570612995294,-0.652189268433792,0.605756567702238,-1.4402053065633,1.30348045368791,0.328971262910692,-1.98539832073572,0.00376719048104639,0.0310438952815329,0.885075036669734,-0.168538306877172
"326",0.0194855666301192,0.395233357032012,-0.311785216753646,0.437603678873306,-1.13655768287186,1.37451200475187,0.331861421720527,-0.982563392564623,-0.154288542395119,-0.54939077610087,1.35764562125326,-0.041646824736586
"327",0.340722576036997,-0.249810489425505,-0.900021072863468,1.56309432410927,-0.415057720645645,1.05482201322283,1.13732712383881,-1.56303896130442,-0.68481724325109,-0.127600277440663,0.695549906082993,-0.873972138610377
"328",-0.0141378901715835,-0.162318176773596,-1.01631274074686,1.21251007331447,-0.589739697205146,0.677389030275983,1.15333106534951,-1.59007016277203,-0.467157630927766,0.106915502087242,0.346980482940742,-0.504526631204622
"329",0.194819497786226,0.0417081759164134,-1.04628978058982,1.14388098188373,-0.774781101332337,1.40853543607573,0.573829492300917,-1.50939038123717,0.232405764438443,0.86560818006483,0.861123326460599,-0.146013491071649
"330",0.47070066451355,-0.141479326792999,-0.739845897237662,1.43228806853772,0.373395812116147,1.43289901392703,1.27147038992017,-0.989629758183728,-0.134255573243168,0.309717413633622,0.605137540062927,-0.837076871069236
"331",0.260525739216636,-0.3315647314919,-0.406619978328092,0.844856005082669,0.300991526188501,1.21750568225978,1.19750573373043,-0.939543298589911,-0.858005252355559,-0.533241219146388,0.647358452829776,-0.485678818922897
"332",-0.754581308730805,1.37824914129793,-0.841510272084366,1.0059516291182,-0.582372652550428,0.510013127594516,-0.556776067821387,0.324795557202283,0.952302088141861,0.348554857488249,0.593121171738371,1.36864029959008
"333",-0.288885234291558,0.95511907964975,-0.81121786400175,1.4862482658576,-0.5653362299321,1.13284454745742,-0.0486009124349489,-0.245171029436613,0.302833391758222,0.475563410043531,0.817528660855024,1.22987213848102
"334",-0.0418073704918795,0.111549955398175,-0.337027025290285,0.489159901246789,-1.12351322802654,1.38790466195746,0.449970333179318,-1.13475966020835,-0.150635404474259,-0.0885014296757908,1.00081692626205,-0.120979061028356
"335",0.421036695924049,-0.324461553861556,-0.725547944861903,1.58483291312274,-0.323191316940939,1.35772312351588,1.02310193997932,-1.46560389124355,-0.742149871518737,-0.213276985141114,0.385305672893386,-0.870870476757722
"336",0.529601836515041,0.147898697915143,-0.703151334671555,1.49596106058289,0.810471646040644,1.35568269763884,1.15553822398711,-0.96024029501001,-0.9332209705334,-0.427933702329541,0.442895208856381,-0.887194667742643
"337",0.423118786377435,0.118850962485989,-0.875492823297445,1.62025318051158,0.422112155175522,2.31867113381457,0.893693751353432,-0.911871646898407,-1.04867909189855,0.849374120941928,0.622119150329125,-0.278173677117101
"338",0.468563324477946,-0.27047702623926,-0.728349240355083,1.21878766623181,0.236942115797722,1.27350592058332,1.2643387208934,-0.991961207479499,-0.201559253943026,-0.123172361367949,0.957435847253703,-0.936464467290781
"339",0.0627008696817912,-0.294782036642395,-0.83097821970706,1.04644489250411,0.492779226048832,1.65331682443611,1.49867104127595,-1.08547000446912,-0.464805283937511,0.674046016064524,0.106172980674904,-0.383159242770801
